[{"message":{"@type":"INITIAL_MESSAGE","id":"836fb759-7785-4ed5-869b-b1bf5f5b4e34","timestamp":1657715874019,"echo":false,"messageDeletedStatus":"NOT_DELETED","attachments":[{"@type":"QUICK_REPLIES","quickReplies":[{"value":"Learn about products","label":"Learn about products"},{"value":"Learn about pricing","label":"Learn about pricing"},{"value":"Something else","label":"Something else"}],"allowUserInput":false,"allowMultiSelect":false}],"direction":"OUTGOING","recipients":[],"senders":[],"ablyTs":1657715874019,"status":{"messageStatus":"SENT","source":"LIVE_CHAT","sendFailure":null,"timestamp":1657715874019},"text":"What would you like to do?","richText":null,"clientType":"API","sender":{"@type":"SYSTEM_SENDER"}},"continueAfterMs":900}]