{"leadFlows":[{"id":3042663,"formGuid":"aab9cef0-65fe-4523-a450-136e0f628831","showNames":false,"showPhone":false,"type":"POP_OVER","version":3,"locale":"en","lifecycle":"lead","color":"#3288E6","hasRedirectButton":false,"displayOnMobile":true,"displayOnScroll":true,"displayOnExitIntent":true,"recaptchaEnabled":false,"displayOnTimedDelay":7000,"heading":"Looking for Customized Editorial or Lead Generation Services?","ctaText":"Get in Touch!","pageTypes":[],"ignoreDurationDays":1,"targetingOptions":{"whiteList":{"exactMatchValues":["https://itechseries.com/"],"startsWithValues":[],"containsValues":[],"queryParamFilterValues":{}},"blackList":{"exactMatchValues":[],"startsWithValues":[],"containsValues":[],"queryParamFilterValues":{}}},"description":"<p style=\"text-align: center;\">Through our network of global publications, we offer some of the world's top brands a range of content marketing solutions that cater to their demand gen goals.&nbsp;</p><p style=\"text-align: center;\">We'd love to take you through our latest projects and services!</p>","formCta":"Subscribe now","formDescription":null,"completedMessageHtml":"<p style=\"text-align: center\">Thank you for your submission</p>","redirectUrl":"https://itechseries.com/contact-us/","redirectButtonText":null,"imageUrl":"https://2621492.fs1.hubspotusercontent-na1.net/hubfs/2621492/iTech-logo-01.png","formFields":[{"name":"email","label":"Email","displayOrder":0,"required":true,"placeholder":"","defaultValue":"","validation":{"blockedEmailProviders":[],"defaultProvidersBlocked":false},"type":"string","fieldType":"text","options":[],"selectedOptions":[]}],"kickbackWorkflowId":null,"legalConsentOptions":null,"eventTitle":null,"eventDetails":null,"eventLocation":null,"eventDates":null,"redirectButtonType":"DISABLED","sfdcCampaignId":null,"goToWebinarWebinarKey":null,"audienceId":7292766,"calloutButtonType":"HTTP_LINK"}],"brandingEnabled":false,"timestamp":1657715872088,"submittingToFormsNext":true,"experiments":{"useNewPrioritization":true,"useAudienceTargeting":true}}